<root>
	<node>
		<camera>
			<focus>50</focus>
			<minFocus>30</minFocus>
			<maxFocus>70</maxFocus>
			<minTiltAngle>-90</minTiltAngle>
			<maxTiltAngle>90</maxTiltAngle>
			<panAngle>0</panAngle>
			<tiltAngle>0</tiltAngle>
		</camera>
		<controlSpeed>
			<move>0.3</move>
			<autoRotate>0.5</autoRotate>
			<upDown>1</upDown>
			<zoom>1</zoom>
			<wheel>1</wheel>
		</controlSpeed>
	</node>
	<scene>
		<picSrc>assets/pics/1.jpg</picSrc>
		<links>
			<arrow>
				<x>0</x>
				<y>0</y>
				<z>0</z>
				<rotation>0</rotation>
				<point>1</point>
				<tooltip>assets/pics/2.jpg</tooltip>
			</arrow>
		</links>
	</scene>
	<scene>
		<picSrc>assets/pics/2.jpg</picSrc>
		<links>
			<arrow>
				<x>15000</x>
				<y>0</y>
				<z>0</z>
				<rotation>0</rotation>
				<point>0</point>
				<tooltip>assets/pics/1.jpg</tooltip>
			</arrow>
			<arrow>
				<x>-15000</x>
				<y>0</y>
				<z>0</z>
				<rotation>0</rotation>
				<point>2</point>
				<tooltip>assets/pics/3.jpg</tooltip>
			</arrow>
		</links>
	</scene>
	<scene>
		<picSrc>assets/pics/3.jpg</picSrc>
		<links>
			<arrow>
				<x>15000</x>
				<y>0</y>
				<z>0</z>
				<rotation>0</rotation>
				<point>1</point>
				<tooltip>assets/pics/2.jpg</tooltip>
			</arrow>
			<arrow>
				<x>-15000</x>
				<y>0</y>
				<z>0</z>
				<rotation>0</rotation>
				<point>3</point>
				<tooltip>assets/pics/4.jpg</tooltip>
			</arrow>
			<arrow>
				<x>0</x>
				<y>0</y>
				<z>15000</z>
				<rotation>0</rotation>
				<point>4</point>
				<tooltip>assets/pics/4.5.jpg</tooltip>
			</arrow>
		</links>
	</scene>
	<scene>
		<picSrc>assets/pics/4.jpg</picSrc>
		<links>
			<arrow>
				<x>15000</x>
				<y>0</y>
				<z>0</z>
				<rotation>0</rotation>
				<point>2</point>
				<tooltip>assets/pics/3.jpg</tooltip>
			</arrow>
			<arrow>
				<x>-15000</x>
				<y>0</y>
				<z>0</z>
				<rotation>0</rotation>
				<point>5</point>
				<tooltip>assets/pics/5.jpg</tooltip>
			</arrow>
		</links>
	</scene>
	<scene>
		<picSrc>assets/pics/4.5.jpg</picSrc>
		<links>
			<arrow>
				<x>15000</x>
				<y>0</y>
				<z>0</z>
				<rotation>0</rotation>
				<point>2</point>
				<tooltip>assets/pics/3.jpg</tooltip>
			</arrow>
			<arrow>
				<x>-15000</x>
				<y>0</y>
				<z>0</z>
				<rotation>0</rotation>
				<point>5</point>
				<tooltip>assets/pics/5.jpg</tooltip>
			</arrow>
		</links>
	</scene>
	<scene>
		<picSrc>assets/pics/5.jpg</picSrc>
		<links>
			<arrow>
				<x>15000</x>
				<y>0</y>
				<z>0</z>
				<rotation>0</rotation>
				<point>3</point>
				<tooltip>assets/pics/4.jpg</tooltip>
			</arrow>
			<arrow>
				<x>-15000</x>
				<y>0</y>
				<z>0</z>
				<rotation>0</rotation>
				<point>4</point>
				<tooltip>assets/pics/4.5.jpg</tooltip>
			</arrow>
			<arrow>
				<x>0</x>
				<y>0</y>
				<z>15000</z>
				<rotation>0</rotation>
				<point>6</point>
				<tooltip>assets/pics/6.jpg</tooltip>
			</arrow>
		</links>
	</scene>
	<scene>
		<picSrc>assets/pics/6.jpg</picSrc>
		<links>
			<arrow>
				<x>15000</x>
				<y>0</y>
				<z>0</z>
				<rotation>0</rotation>
				<point>5</point>
				<tooltip>assets/pics/5.jpg</tooltip>
			</arrow>
			<arrow>
				<x>-15000</x>
				<y>0</y>
				<z>0</z>
				<rotation>0</rotation>
				<point>7</point>
				<tooltip>assets/pics/7.jpg</tooltip>
			</arrow>
		</links>
	</scene>
	<scene>
		<picSrc>assets/pics/7.jpg</picSrc>
		<links>
			<arrow>
				<x>15000</x>
				<y>0</y>
				<z>0</z>
				<rotation>0</rotation>
				<point>6</point>
				<tooltip>assets/pics/6.jpg</tooltip>
			</arrow>
		</links>
	</scene>
</root>